country,year,renewables_consumption,renewables_share_energy,population
Austria,1965,47.557,25.096,7269892.0
Austria,1966,51.248,25.84,7320920.0
Austria,1967,52.333,26.119,7375632.0
Austria,1968,53.773,25.099,7413813.0
Austria,1969,49.435,22.275,7439324.0
Austria,1970,62.953,24.77,7465310.0
Austria,1971,49.737,19.652,7498548.0
Austria,1972,51.119,19.524,7542083.0
Austria,1973,56.801,20.177,7584024.0
Austria,1974,67.16,23.735,7597028.0
Austria,1975,70.362,25.034,7576929.0
Austria,1976,60.812,20.905,7563509.0
Austria,1977,73.691,25.271,7566357.0
Austria,1978,73.75,24.245,7560248.0
Austria,1979,83.082,25.784,7547482.0
Austria,1980,86.078,26.826,7547564.0
Austria,1981,91.215,29.281,7566318.0
Austria,1982,91.36,30.32,7571291.0
Austria,1983,90.502,30.118,7559110.0
Austria,1984,79.394,26.69,7558564.0
Austria,1985,94.013,29.769,7562114.0
Austria,1986,95.493,30.178,7567247.0
Austria,1987,107.533,32.194,7572379.0
Austria,1988,107.736,32.733,7583766.0
Austria,1989,107.264,32.409,7619393.0
Austria,1990,96.819,29.003,7678732.0
Austria,1991,96.891,27.731,7755640.0
Austria,1992,107.289,31.117,7840816.0
Austria,1993,112.886,32.03,7905280.0
Austria,1994,109.454,31.326,7935366.0
Austria,1995,115.542,31.426,7947293.0
Austria,1996,106.268,28.286,7958043.0
Austria,1997,112.291,29.506,7967086.0
Austria,1998,115.913,29.779,7975856.0
Austria,1999,125.601,31.976,7991382.0
Austria,2000,128.793,32.592,8010425.0
Austria,2001,124.694,30.668,8039633.0
Austria,2002,122.887,30.206,8078994.0
Austria,2003,102.896,25.238,8120105.0
Austria,2004,115.225,27.275,8171215.0
Austria,2005,118.601,27.495,8227034.0
Austria,2006,119.788,28.128,8267771.0
Austria,2007,127.069,30.25,8294720.0
Austria,2008,130.646,30.772,8321134.0
Austria,2009,138.428,33.782,8342939.0
Austria,2010,132.009,31.314,8362829.0
Austria,2011,119.971,30.306,8391201.0
Austria,2012,148.198,35.762,8429641.0
Austria,2013,145.067,35.309,8479542.0
Austria,2014,143.357,36.303,8546066.0
Austria,2015,135.858,34.274,8642422.0
Austria,2016,144.627,35.305,8736491.0
Austria,2017,143.877,34.456,8797497.0
Austria,2018,140.335,34.362,8840518.0
Austria,2019,151.81,35.473,8879939.0
Austria,2020,152.81,38.189,8907780.0
Austria,2021,145.502,35.835,8922086.0
Austria,2022,136.97,36.067,8939617.0
Austria,2023,154.233,40.08,8958961.0
Belarus,1985,0.059,0.014,10133217.0
Belarus,1986,0.059,0.013,10201675.0
Belarus,1987,0.059,0.013,10270610.0
Belarus,1988,0.059,0.012,10333484.0
Belarus,1989,0.059,0.013,10387611.0
Belarus,1990,0.059,0.013,10428527.0
Belarus,1991,0.053,0.011,10457619.0
Belarus,1992,0.05,0.012,10475912.0
Belarus,1993,0.056,0.017,10480485.0
Belarus,1994,0.056,0.02,10475397.0
Belarus,1995,0.059,0.024,10461694.0
Belarus,1996,0.047,0.018,10436455.0
Belarus,1997,0.062,0.024,10400926.0
Belarus,1998,0.083,0.033,10357472.0
Belarus,1999,0.056,0.023,10308281.0
Belarus,2000,0.08,0.031,10256489.0
Belarus,2001,0.088,0.036,10201212.0
Belarus,2002,0.085,0.033,10135391.0
Belarus,2003,0.081,0.032,10065881.0
Belarus,2004,0.098,0.034,9999713.0
Belarus,2005,0.106,0.037,9935166.0
Belarus,2006,0.109,0.036,9874700.0
Belarus,2007,0.146,0.05,9825990.0
Belarus,2008,0.3,0.1,9787829.0
Belarus,2009,0.556,0.197,9757710.0
Belarus,2010,0.786,0.257,9731426.0
Belarus,2011,0.749,0.249,9706983.0
Belarus,2012,0.856,0.263,9693754.0
Belarus,2013,0.928,0.315,9691143.0
Belarus,2014,0.898,0.304,9693741.0
Belarus,2015,0.954,0.357,9700609.0
Belarus,2016,1.151,0.422,9708111.0
Belarus,2017,2.119,0.763,9707874.0
Belarus,2018,1.923,0.626,9695573.0
Belarus,2019,2.35,0.761,9673971.0
Belarus,2020,2.838,0.991,9633745.0
Belarus,2021,3.601,1.177,9578172.0
Belarus,2022,3.627,1.232,9534956.0
Belarus,2023,3.244,1.096,9498237.0
Belgium,1965,0.804,0.195,9412091.0
Belgium,1966,0.884,0.222,9466114.0
Belgium,1967,0.704,0.169,9515229.0
Belgium,1968,0.722,0.155,9556258.0
Belgium,1969,0.68,0.133,9592105.0
Belgium,1970,0.727,0.135,9629376.0
Belgium,1971,0.396,0.075,9666396.0
Belgium,1972,0.532,0.095,9700295.0
Belgium,1973,0.876,0.154,9727987.0
Belgium,1974,1.054,0.191,9749063.0
Belgium,1975,0.806,0.156,9763432.0
Belgium,1976,0.504,0.092,9773540.0
Belgium,1977,1.451,0.264,9786372.0
Belgium,1978,1.489,0.259,9800204.0
Belgium,1979,1.697,0.287,9814133.0
Belgium,1980,1.78,0.314,9828989.0
Belgium,1981,2.056,0.382,9843594.0
Belgium,1982,1.132,0.22,9857337.0
Belgium,1983,1.064,0.213,9866528.0
Belgium,1984,1.115,0.214,9873600.0
Belgium,1985,1.018,0.187,9880540.0
Belgium,1986,1.394,0.248,9887822.0
Belgium,1987,1.74,0.301,9900226.0
Belgium,1988,1.66,0.281,9917989.0
Belgium,1989,1.532,0.258,9937168.0
Belgium,1990,1.707,0.275,9959565.0
Belgium,1991,1.655,0.257,9987072.0
Belgium,1992,1.887,0.294,10016455.0
Belgium,1993,1.557,0.247,10043738.0
Belgium,1994,1.832,0.276,10069182.0
Belgium,1995,2.051,0.305,10095204.0
Belgium,1996,1.733,0.243,10123230.0
Belgium,1997,1.803,0.25,10154876.0
Belgium,1998,2.329,0.317,10188541.0
Belgium,1999,2.63,0.36,10224223.0
Belgium,2000,3.221,0.433,10264351.0
Belgium,2001,3.31,0.449,10309249.0
Belgium,2002,3.519,0.48,10355569.0
Belgium,2003,3.707,0.487,10402550.0
Belgium,2004,4.636,0.606,10456164.0
Belgium,2005,6.553,0.867,10516979.0
Belgium,2006,9.171,1.21,10582970.0
Belgium,2007,10.805,1.415,10653698.0
Belgium,2008,13.687,1.764,10726720.0
Belgium,2009,18.292,2.555,10801357.0
Belgium,2010,24.402,3.191,10877948.0
Belgium,2011,29.101,4.078,10955742.0
Belgium,2012,35.258,5.148,11031140.0
Belgium,2013,38.324,5.46,11103260.0
Belgium,2014,40.042,6.152,11176727.0
Belgium,2015,44.693,6.798,11248306.0
Belgium,2016,45.998,6.483,11316837.0
Belgium,2017,50.562,7.061,11384491.0
Belgium,2018,53.84,7.538,11448598.0
Belgium,2019,59.656,8.079,11510569.0
Belgium,2020,72.134,10.863,11561716.0
Belgium,2021,70.47,9.544,11611416.0
Belgium,2022,75.211,10.83,11655923.0
Belgium,2023,80.419,12.525,11686148.0
Bulgaria,1965,5.914,4.931,8245080.0
Bulgaria,1966,5.944,4.623,8308898.0
Bulgaria,1967,5.979,4.004,8369839.0
Bulgaria,1968,3.859,2.312,8438287.0
Bulgaria,1969,5.438,2.923,8512917.0
Bulgaria,1970,6.363,3.039,8582960.0
Bulgaria,1971,6.417,2.943,8646261.0
Bulgaria,1972,6.195,2.762,8700151.0
Bulgaria,1973,7.599,3.261,8753492.0
Bulgaria,1974,6.151,2.562,8810681.0
Bulgaria,1975,7.253,2.734,8860971.0
Bulgaria,1976,8.735,3.108,8902475.0
Bulgaria,1977,10.435,3.524,8935448.0
Bulgaria,1978,8.602,2.805,8958270.0
Bulgaria,1979,9.791,3.076,8974434.0
Bulgaria,1980,10.979,3.268,8980602.0
Bulgaria,1981,10.698,3.232,8978415.0
Bulgaria,1982,9.019,2.659,8970487.0
Bulgaria,1983,9.915,2.904,8956441.0
Bulgaria,1984,9.64,2.84,8939492.0
Bulgaria,1985,6.615,1.964,8917080.0
Bulgaria,1986,6.878,2.002,8892099.0
Bulgaria,1987,7.502,2.166,8865756.0
Bulgaria,1988,7.676,2.166,8835822.0
Bulgaria,1989,7.957,2.265,8804436.0
Bulgaria,1990,4.82,1.486,8767778.0
Bulgaria,1991,6.706,2.554,8721659.0
Bulgaria,1992,5.627,2.277,8668545.0
Bulgaria,1993,5.284,2.005,8611541.0
Bulgaria,1994,3.832,1.512,8548469.0
Bulgaria,1995,6.428,2.358,8477584.0
Bulgaria,1996,8.54,3.141,8401382.0
Bulgaria,1997,8.055,3.132,8318965.0
Bulgaria,1998,9.072,3.669,8234934.0
Bulgaria,1999,8.078,3.718,8162298.0
Bulgaria,2000,7.78,3.579,8097694.0
Bulgaria,2001,4.85,2.16,8034863.0
Bulgaria,2002,6.176,2.835,7974804.0
Bulgaria,2003,8.686,3.854,7917745.0
Bulgaria,2004,9.048,4.152,7865314.0
Bulgaria,2005,12.318,5.218,7815221.0
Bulgaria,2006,12.045,5.004,7766040.0
Bulgaria,2007,8.134,3.496,7719035.0
Bulgaria,2008,8.26,3.588,7674912.0
Bulgaria,2009,10.34,5.116,7634737.0
Bulgaria,2010,16.195,7.658,7592271.0
Bulgaria,2011,10.949,4.875,7543128.0
Bulgaria,2012,15.382,7.207,7488347.0
Bulgaria,2013,20.162,10.177,7431169.0
Bulgaria,2014,21.377,10.105,7372142.0
Bulgaria,2015,25.387,11.299,7309255.0
Bulgaria,2016,20.905,9.809,7245982.0
Bulgaria,2017,18.421,8.443,7182430.0
Bulgaria,2018,27.547,12.589,7117424.0
Bulgaria,2019,22.792,10.774,7052536.0
Bulgaria,2020,22.542,11.538,6979181.0
Bulgaria,2021,30.434,13.715,6885864.0
Bulgaria,2022,28.607,12.466,6781955.0
Bulgaria,2023,29.912,15.011,6687716.0
Croatia,1990,11.618,11.524,4873705.0
Croatia,1991,16.37,19.537,4844526.0
Croatia,1992,12.879,15.995,4798318.0
Croatia,1993,13.514,16.087,4792409.0
Croatia,1994,16.09,18.96,4819431.0
Croatia,1995,16.833,19.161,4807100.0
Croatia,1996,23.279,24.701,4758624.0
Croatia,1997,17.312,18.543,4711373.0
Croatia,1998,17.834,18.063,4659937.0
Croatia,1999,21.695,21.246,4605329.0
Croatia,2000,19.084,19.766,4548438.0
Croatia,2001,21.094,20.779,4506760.0
Croatia,2002,17.079,16.807,4482874.0
Croatia,2003,15.828,14.887,4461141.0
Croatia,2004,21.996,19.898,4443351.0
Croatia,2005,20.219,18.501,4429687.0
Croatia,2006,18.917,17.524,4417562.0
Croatia,2007,13.441,12.393,4405542.0
Croatia,2008,16.463,15.262,4393666.0
Croatia,2009,20.996,19.717,4382142.0
Croatia,2010,25.822,23.851,4368680.0
Croatia,2011,14.649,15.51,4351838.0
Croatia,2012,14.799,16.895,4331592.0
Croatia,2013,25.705,26.756,4308854.0
Croatia,2014,27.339,28.476,4283968.0
Croatia,2015,20.636,22.672,4254821.0
Croatia,2016,22.623,23.881,4223748.0
Croatia,2017,19.222,20.28,4192468.0
Croatia,2018,26.558,27.056,4160488.0
Croatia,2019,23.208,24.222,4129749.0
Croatia,2020,23.763,26.005,4096872.0
Croatia,2021,29.235,29.737,4060139.0
Croatia,2022,24.236,26.013,4030361.0
Croatia,2023,31.933,31.566,4008615.0
Czechia,1965,6.599,1.408,9702728.0
Czechia,1966,6.22,1.317,9731810.0
Czechia,1967,5.606,1.206,9754254.0
Czechia,1968,4.339,0.895,9770101.0
Czechia,1969,3.541,0.701,9782559.0
Czechia,1970,5.057,0.96,9795750.0
Czechia,1971,3.572,0.645,9816554.0
Czechia,1972,3.738,0.671,9851274.0
Czechia,1973,3.197,0.571,9900301.0
Czechia,1974,5.379,0.95,9960863.0
Czechia,1975,5.364,0.91,10025718.0
Czechia,1976,4.276,0.706,10088047.0
Czechia,1977,5.816,0.93,10144498.0
Czechia,1978,5.411,0.853,10195871.0
Czechia,1979,6.78,1.058,10241207.0
Czechia,1980,7.094,1.143,10270060.0
Czechia,1981,6.094,0.989,10283841.0
Czechia,1982,4.938,0.811,10293692.0
Czechia,1983,4.894,0.802,10298165.0
Czechia,1984,3.838,0.609,10299713.0
Czechia,1985,4.941,0.782,10302326.0
Czechia,1986,5.547,0.869,10302678.0
Czechia,1987,7.289,1.116,10302081.0
Czechia,1988,6.207,0.946,10304147.0
Czechia,1989,4.858,0.764,10304498.0
Czechia,1990,3.433,0.628,10301190.0
Czechia,1991,3.22,0.647,10303359.0
Czechia,1992,4.166,0.862,10310956.0
Czechia,1993,4.605,0.961,10318915.0
Czechia,1994,5.423,1.163,10321309.0
Czechia,1995,7.397,1.521,10311702.0
Czechia,1996,7.01,1.394,10295653.0
Czechia,1997,6.975,1.446,10279042.0
Czechia,1998,6.41,1.369,10263837.0
Czechia,1999,7.642,1.702,10249145.0
Czechia,2000,7.569,1.595,10234712.0
Czechia,2001,8.228,1.696,10230273.0
Czechia,2002,9.619,1.976,10238170.0
Czechia,2003,6.292,1.223,10248039.0
Czechia,2004,8.484,1.607,10261003.0
Czechia,2005,9.242,1.779,10280122.0
Czechia,2006,10.539,1.99,10304822.0
Czechia,2007,10.298,1.966,10337831.0
Czechia,2008,12.314,2.397,10378586.0
Czechia,2009,16.009,3.248,10421515.0
Czechia,2010,20.001,3.894,10464750.0
Czechia,2011,24.645,4.91,10496379.0
Czechia,2012,26.829,5.372,10511065.0
Czechia,2013,30.483,6.218,10514547.0
Czechia,2014,30.793,6.416,10517178.0
Czechia,2015,31.223,6.633,10523801.0
Czechia,2016,31.115,6.701,10527584.0
Czechia,2017,31.888,6.5,10531315.0
Czechia,2018,31.104,6.361,10534598.0
Czechia,2019,33.182,6.943,10536876.0
Czechia,2020,34.31,7.752,10530951.0
Czechia,2021,34.896,7.482,10510748.0
Czechia,2022,34.341,7.535,10493990.0
Czechia,2023,33.804,7.985,10495297.0
Denmark,1983,0.285,0.15,5124341.0
Denmark,1984,0.293,0.151,5121317.0
Denmark,1985,0.355,0.163,5119453.0
Denmark,1986,0.619,0.278,5119368.0
Denmark,1987,0.796,0.371,5121515.0
Denmark,1988,1.215,0.572,5126107.0
Denmark,1989,1.737,0.887,5133937.0
Denmark,1990,2.558,1.266,5144626.0
Denmark,1991,3.397,1.459,5158325.0
Denmark,1992,4.452,2.041,5175466.0
Denmark,1993,5.463,2.362,5193776.0
Denmark,1994,5.289,2.132,5213801.0
Denmark,1995,5.636,2.313,5235205.0
Denmark,1996,6.342,2.188,5256002.0
Denmark,1997,8.892,3.381,5277385.0
Denmark,1998,11.862,4.676,5298991.0
Denmark,1999,13.26,5.389,5319856.0
Denmark,2000,16.783,7.096,5340662.0
Denmark,2001,17.56,7.403,5360753.0
Denmark,2002,20.33,8.587,5378700.0
Denmark,2003,24.152,9.463,5396355.0
Denmark,2004,28.344,11.729,5415583.0
Denmark,2005,29.142,12.474,5436314.0
Denmark,2006,27.297,10.685,5457863.0
Denmark,2007,30.343,12.466,5479722.0
Denmark,2008,29.643,12.621,5502752.0
Denmark,2009,29.542,13.379,5526455.0
Denmark,2010,36.737,15.568,5550850.0
Denmark,2011,42.517,19.241,5576016.0
Denmark,2012,45.16,22.003,5600955.0
Denmark,2013,48.026,22.686,5625393.0
Denmark,2014,53.411,26.238,5650654.0
Denmark,2015,55.716,28.001,5677795.0
Denmark,2016,54.316,26.942,5706856.0
Denmark,2017,63.948,31.504,5737286.0
Denmark,2018,60.735,30.349,5766689.0
Denmark,2019,66.855,34.101,5795879.0
Denmark,2020,67.891,38.468,5825638.0
Denmark,2021,76.332,40.294,5854246.0
Denmark,2022,81.371,41.247,5882259.0
Denmark,2023,83.557,42.735,5910911.0
Estonia,1985,0.0,0.0,1525790.0
Estonia,1986,0.0,0.0,1536031.0
Estonia,1987,0.0,0.0,1547709.0
Estonia,1988,0.0,0.0,1559598.0
Estonia,1989,0.0,0.0,1568053.0
Estonia,1990,0.0,0.0,1570676.0
Estonia,1991,0.0,0.0,1565621.0
Estonia,1992,0.0,0.0,1540386.0
Estonia,1993,0.0,0.0,1504446.0
Estonia,1994,0.0,0.0,1475730.0
Estonia,1995,0.019,0.031,1452777.0
Estonia,1996,0.016,0.024,1434670.0
Estonia,1997,0.026,0.039,1421491.0
Estonia,1998,0.038,0.066,1411151.0
Estonia,1999,0.053,0.099,1403494.0
Estonia,2000,0.19,0.343,1396881.0
Estonia,2001,0.092,0.159,1388000.0
Estonia,2002,0.107,0.185,1379241.0
Estonia,2003,0.138,0.219,1370663.0
Estonia,2004,0.185,0.289,1362489.0
Estonia,2005,0.323,0.501,1354665.0
Estonia,2006,0.389,0.612,1346711.0
Estonia,2007,0.44,0.597,1340576.0
Estonia,2008,0.621,0.915,1337013.0
Estonia,2009,1.656,2.821,1334557.0
Estonia,2010,3.301,4.513,1331535.0
Estonia,2011,3.65,5.003,1327435.0
Estonia,2012,4.546,6.186,1322682.0
Estonia,2013,3.777,4.876,1317985.0
Estonia,2014,4.318,5.823,1314531.0
Estonia,2015,4.735,6.9,1314658.0
Estonia,2016,4.763,6.731,1315928.0
Estonia,2017,5.599,7.134,1317550.0
Estonia,2018,6.255,8.032,1322146.0
Estonia,2019,6.707,10.686,1327039.0
Estonia,2020,9.271,15.785,1329449.0
Estonia,2021,8.99,14.641,1328704.0
Estonia,2022,8.727,13.767,1326064.0
Estonia,2023,8.616,15.522,1322764.0
Finland,1974,37.563,18.064,4690582.0
Finland,1975,36.102,17.09,4711384.0
Finland,1976,28.038,12.515,4725523.0
Finland,1977,36.022,15.203,4738738.0
Finland,1978,28.976,11.782,4752401.0
Finland,1979,32.145,12.091,4764568.0
Finland,1980,30.212,11.415,4779423.0
Finland,1981,40.376,15.109,4799868.0
Finland,1982,38.704,14.666,4826860.0
Finland,1983,40.158,15.365,4855738.0
Finland,1984,39.173,14.384,4881748.0
Finland,1985,36.473,12.764,4902179.0
Finland,1986,36.637,12.676,4918174.0
Finland,1987,40.795,13.406,4932176.0
Finland,1988,39.513,13.07,4946563.0
Finland,1989,38.53,12.691,4964482.0
Finland,1990,48.57,15.026,4986551.0
Finland,1991,54.983,16.623,5013856.0
Finland,1992,60.48,18.345,5042120.0
Finland,1993,58.881,17.708,5066609.0
Finland,1994,55.515,15.905,5088491.0
Finland,1995,59.348,17.836,5107942.0
Finland,1996,53.904,15.513,5124717.0
Finland,1997,61.443,17.437,5139944.0
Finland,1998,74.37,20.418,5153548.0
Finland,1999,64.636,18.098,5165500.0
Finland,2000,71.162,19.816,5176208.0
Finland,2001,65.41,17.828,5188007.0
Finland,2002,60.347,16.365,5200588.0
Finland,2003,58.076,14.706,5212991.0
Finland,2004,77.156,19.62,5228143.0
Finland,2005,70.328,19.67,5246070.0
Finland,2006,67.684,17.649,5266249.0
Finland,2007,72.424,18.95,5288694.0
Finland,2008,82.9,22.497,5313358.0
Finland,2009,65.54,19.204,5338813.0
Finland,2010,73.171,19.707,5363279.0
Finland,2011,73.717,21.067,5388173.0
Finland,2012,85.473,25.105,5413865.0
Finland,2013,77.814,22.766,5438873.0
Finland,2014,81.895,24.83,5461436.0
Finland,2015,92.951,28.262,5479457.0
Finland,2016,89.181,26.694,5495217.0
Finland,2017,94.102,28.758,5508146.0
Finland,2018,95.931,28.736,5515465.0
Finland,2019,95.892,29.326,5521539.0
Finland,2020,105.028,33.454,5529468.0
Finland,2021,114.969,35.856,5535982.0
Finland,2022,114.445,35.683,5540745.0
Finland,2023,119.364,35.936,5545476.0
France,1965,138.627,10.29,48168800.0
France,1966,155.625,11.305,48683088.0
France,1967,136.113,9.311,49181404.0
France,1968,152.055,9.883,49647272.0
France,1969,159.955,9.455,50087056.0
France,1970,171.981,9.39,50523588.0
France,1971,148.912,7.856,50970696.0
France,1972,149.231,7.395,51410364.0
France,1973,145.986,6.661,51814076.0
France,1974,171.307,7.963,52163552.0
France,1975,182.258,8.96,52450032.0
France,1976,147.86,6.863,52685272.0
France,1977,230.074,10.469,52925440.0
France,1978,206.667,9.071,53175308.0
France,1979,201.138,8.586,53428780.0
France,1980,210.286,9.035,53713836.0
France,1981,218.244,9.517,54016748.0
France,1982,213.565,9.661,54319652.0
France,1983,210.318,9.307,54592384.0
France,1984,199.424,8.528,54845984.0
France,1985,188.359,7.798,55108104.0
France,1986,190.07,7.688,55371640.0
France,1987,214.05,8.467,55641536.0
France,1988,231.935,9.055,55911476.0
France,1989,143.783,5.544,56169944.0
France,1990,165.389,6.241,56412896.0
France,1991,177.04,6.247,56645216.0
France,1992,210.793,7.376,56864048.0
France,1993,198.569,6.958,57053728.0
France,1994,240.992,8.531,57230064.0
France,1995,225.405,7.761,57420356.0
France,1996,205.661,6.827,57623180.0
France,1997,200.538,6.762,57839364.0
France,1998,195.072,6.423,58080344.0
France,1999,226.706,7.365,58352208.0
France,2000,209.574,6.722,58665456.0
France,2001,232.93,7.411,59014776.0
France,2002,192.254,6.164,59372784.0
France,2003,187.52,5.947,59728260.0
France,2004,189.317,5.953,60108436.0
France,2005,169.137,5.362,60510080.0
France,2006,186.681,5.966,60919152.0
France,2007,203.965,6.631,61329380.0
France,2008,235.22,7.625,61721004.0
France,2009,224.256,7.709,62093300.0
France,2010,246.423,8.211,62444568.0
France,2011,208.039,7.181,62775272.0
France,2012,261.55,9.038,63071412.0
France,2013,299.302,10.236,63335180.0
France,2014,286.438,10.241,63588496.0
France,2015,279.434,9.901,63809768.0
France,2016,296.882,10.735,63989320.0
France,2017,279.374,10.141,64144092.0
France,2018,332.328,11.916,64277812.0
France,2019,331.834,12.157,64399760.0
France,2020,359.246,14.716,64480052.0
France,2021,353.496,13.629,64531448.0
France,2022,335.398,14.592,64626624.0
France,2023,407.688,16.94,64756584.0
Germany,1965,47.939,1.615,76037464.0
Germany,1966,51.848,1.742,76618720.0
Germany,1967,49.241,1.658,77173552.0
Germany,1968,49.97,1.576,77646128.0
Germany,1969,40.551,1.186,78012488.0
Germany,1970,54.784,1.517,78294592.0
Germany,1971,42.982,1.18,78511408.0
Germany,1972,42.302,1.122,78643560.0
Germany,1973,48.395,1.214,78667472.0
Germany,1974,55.591,1.419,78620536.0
Germany,1975,54.034,1.435,78513512.0
Germany,1976,45.024,1.121,78364216.0
Germany,1977,55.97,1.397,78221280.0
Germany,1978,58.503,1.409,78071552.0
Germany,1979,58.968,1.345,77915728.0
Germany,1980,62.664,1.478,77786696.0
Germany,1981,64.647,1.574,77684488.0
Germany,1982,64.107,1.618,77610424.0
Germany,1983,60.248,1.499,77566064.0
Germany,1984,59.887,1.437,77568576.0
Germany,1985,56.702,1.322,77638808.0
Germany,1986,60.013,1.411,77803352.0
Germany,1987,64.775,1.509,78090896.0
Germany,1988,64.627,1.501,78477528.0
Germany,1989,59.607,1.399,78916440.0
Germany,1990,56.053,1.337,79370192.0
Germany,1991,51.99,1.271,79801984.0
Germany,1992,60.96,1.52,80205024.0
Germany,1993,63.208,1.584,80573496.0
Germany,1994,68.788,1.74,80882120.0
Germany,1995,75.091,1.889,81123264.0
Germany,1996,69.077,1.682,81300864.0
Germany,1997,73.1,1.804,81436096.0
Germany,1998,79.209,1.971,81524384.0
Germany,1999,88.292,2.228,81556968.0
Germany,2000,115.143,2.887,81551680.0
Germany,2001,119.494,2.941,81514568.0
Germany,2002,141.96,3.539,81443424.0
Germany,2003,146.061,3.642,81346808.0
Germany,2004,181.111,4.517,81266672.0
Germany,2005,206.394,5.209,81212168.0
Germany,2006,244.814,6.026,81177816.0
Germany,2007,297.995,7.654,81183832.0
Germany,2008,307.602,7.818,81217488.0
Germany,2009,312.145,8.454,81260624.0
Germany,2010,338.261,8.792,81325088.0
Germany,2011,392.095,10.567,81423384.0
Germany,2012,447.658,11.9,81545568.0
Germany,2013,466.67,12.063,81680592.0
Germany,2014,494.801,13.335,81858824.0
Germany,2015,562.535,14.878,82073232.0
Germany,2016,563.375,14.666,82331432.0
Germany,2017,632.398,16.265,82624368.0
Germany,2018,650.283,17.168,82896696.0
Germany,2019,695.738,18.83,83148144.0
Germany,2020,727.481,21.124,83328992.0
Germany,2021,675.842,19.067,83408560.0
Germany,2022,729.064,21.361,83369840.0
Germany,2023,773.186,24.394,83294632.0
Greece,1982,10.53,5.287,9528819.0
Greece,1983,6.919,3.455,9636354.0
Greece,1984,8.463,4.047,9740384.0
Greece,1985,8.294,3.755,9840144.0
Greece,1986,9.566,4.321,9936729.0
Greece,1987,8.223,3.397,10029145.0
Greece,1988,6.999,2.738,10120189.0
Greece,1989,5.621,2.029,10211975.0
Greece,1990,5.237,1.823,10302255.0
Greece,1991,9.17,3.146,10391552.0
Greece,1992,6.541,2.205,10478389.0
Greece,1993,6.89,2.293,10563442.0
Greece,1994,7.798,2.551,10647420.0
Greece,1995,10.539,3.327,10727928.0
Greece,1996,12.969,3.993,10803809.0
Greece,1997,11.585,3.468,10875274.0
Greece,1998,11.198,3.156,10939474.0
Greece,1999,14.061,3.964,10993861.0
Greece,2000,12.254,3.285,11038112.0
Greece,2001,8.634,2.296,11072182.0
Greece,2002,10.475,2.783,11096620.0
Greece,2003,17.118,4.298,11110488.0
Greece,2004,17.092,4.292,11115089.0
Greece,2005,18.384,4.601,11113450.0
Greece,2006,22.416,5.45,11106097.0
Greece,2007,14.026,3.345,11091491.0
Greece,2008,17.015,4.134,11073621.0
Greece,2009,23.768,5.996,11055503.0
Greece,2010,30.773,8.132,11033784.0
Greece,2011,23.757,6.399,11004730.0
Greece,2012,29.347,8.402,10963633.0
Greece,2013,40.828,12.436,10914501.0
Greece,2014,34.856,11.32,10862972.0
Greece,2015,41.957,13.46,10806644.0
Greece,2016,41.941,13.662,10749742.0
Greece,2017,38.834,12.053,10692230.0
Greece,2018,44.852,13.84,10633275.0
Greece,2019,44.91,14.172,10574026.0
Greece,2020,48.749,17.602,10512232.0
Greece,2021,60.799,20.096,10445368.0
Greece,2022,61.742,19.642,10384972.0
Greece,2023,66.056,21.645,10341276.0
Hungary,1965,0.222,0.12,10140858.0
Hungary,1966,0.296,0.158,10170086.0
Hungary,1967,0.242,0.136,10206829.0
Hungary,1968,0.263,0.142,10244346.0
Hungary,1969,0.281,0.141,10281127.0
Hungary,1970,0.26,0.122,10315367.0
Hungary,1971,0.284,0.128,10345368.0
Hungary,1972,0.325,0.142,10376619.0
Hungary,1973,0.299,0.121,10410508.0
Hungary,1974,0.24,0.094,10457951.0
Hungary,1975,0.482,0.179,10520241.0
Hungary,1976,0.488,0.169,10578511.0
Hungary,1977,0.441,0.145,10627916.0
Hungary,1978,0.408,0.126,10664861.0
Hungary,1979,0.432,0.135,10692722.0
Hungary,1980,0.331,0.103,10698682.0
Hungary,1981,0.497,0.156,10680617.0
Hungary,1982,0.47,0.147,10655628.0
Hungary,1983,0.458,0.146,10620933.0
Hungary,1984,0.535,0.166,10580910.0
Hungary,1985,0.458,0.137,10542756.0
Hungary,1986,0.455,0.137,10505773.0
Hungary,1987,0.5,0.144,10469197.0
Hungary,1988,0.5,0.148,10434269.0
Hungary,1989,0.467,0.142,10397176.0
Hungary,1990,0.581,0.18,10375989.0
Hungary,1991,0.65,0.215,10374750.0
Hungary,1992,0.614,0.212,10370067.0
Hungary,1993,0.615,0.221,10357423.0
Hungary,1994,0.62,0.219,10342435.0
Hungary,1995,0.661,0.23,10327171.0
Hungary,1996,0.772,0.264,10308272.0
Hungary,1997,0.808,0.283,10286223.0
Hungary,1998,0.65,0.224,10260965.0
Hungary,1999,0.743,0.257,10230263.0
Hungary,2000,0.734,0.261,10202054.0
Hungary,2001,0.773,0.269,10177955.0
Hungary,2002,0.703,0.25,10148404.0
Hungary,2003,1.021,0.359,10118060.0
Hungary,2004,2.922,1.011,10094499.0
Hungary,2005,5.929,1.925,10073533.0
Hungary,2006,4.813,1.593,10057063.0
Hungary,2007,6.227,2.089,10041171.0
Hungary,2008,9.264,3.152,10023508.0
Hungary,2009,10.969,4.023,10008581.0
Hungary,2010,11.339,4.081,9986832.0
Hungary,2011,10.119,3.755,9953247.0
Hungary,2012,9.791,3.899,9922133.0
Hungary,2013,10.031,4.214,9894637.0
Hungary,2014,11.739,4.927,9867906.0
Hungary,2015,11.794,4.698,9844250.0
Hungary,2016,11.947,4.676,9815106.0
Hungary,2017,12.299,4.567,9788940.0
Hungary,2018,13.447,4.958,9776361.0
Hungary,2019,15.934,5.796,9771799.0
Hungary,2020,18.962,7.014,9750571.0
Hungary,2021,22.668,7.983,9709784.0
Hungary,2022,24.74,9.265,9967304.0
Hungary,2023,27.768,10.978,10156241.0
Iceland,2007,33.451,74.302,311859.0
Ireland,1979,2.442,2.353,3351902.0
Ireland,1980,2.476,2.466,3391393.0
Ireland,1981,2.545,2.597,3424834.0
Ireland,1982,2.373,2.439,3451220.0
Ireland,1983,2.304,2.403,3472904.0
Ireland,1984,2.029,2.139,3490937.0
Ireland,1985,2.476,2.488,3505781.0
Ireland,1986,2.717,2.527,3515672.0
Ireland,1987,2.029,1.866,3513702.0
Ireland,1988,2.579,2.384,3498032.0
Ireland,1989,2.063,1.851,3483316.0
Ireland,1990,2.061,1.748,3485370.0
Ireland,1991,2.206,1.801,3504806.0
Ireland,1992,2.431,1.976,3528370.0
Ireland,1993,2.306,1.836,3545700.0
Ireland,1994,2.777,2.121,3559396.0
Ireland,1995,2.156,1.613,3579486.0
Ireland,1996,2.263,1.604,3606725.0
Ireland,1997,2.411,1.655,3640157.0
Ireland,1998,3.48,2.219,3678670.0
Ireland,1999,3.345,2.021,3719918.0
Ireland,2000,3.527,2.034,3768954.0
Ireland,2001,3.042,1.661,3829019.0
Ireland,2002,4.053,2.235,3894256.0
Ireland,2003,3.326,1.88,3958706.0
Ireland,2004,4.051,2.246,4031961.0
Ireland,2005,5.417,2.879,4121220.0
Ireland,2006,7.103,3.656,4234809.0
Ireland,2007,8.198,4.154,4359841.0
Ireland,2008,10.779,5.489,4452393.0
Ireland,2009,12.46,7.055,4499797.0
Ireland,2010,11.533,6.468,4524581.0
Ireland,2011,16.176,9.5,4544504.0
Ireland,2012,15.589,9.308,4564550.0
Ireland,2013,16.727,10.138,4588830.0
Ireland,2014,18.888,11.478,4622165.0
Ireland,2015,22.82,13.121,4665764.0
Ireland,2016,21.765,11.983,4715791.0
Ireland,2017,25.886,14.192,4771860.0
Ireland,2018,29.238,15.679,4834506.0
Ireland,2019,33.743,18.01,4896021.0
Ireland,2020,37.89,21.519,4946123.0
Ireland,2021,32.996,18.388,4986525.0
Ireland,2022,37.261,20.036,5023108.0
Ireland,2023,40.316,22.303,5056931.0
Italy,1965,133.697,14.4,51452860.0
Italy,1966,139.043,13.79,51882568.0
Italy,1967,135.366,12.396,52294440.0
Italy,1968,136.786,11.592,52661072.0
Italy,1969,132.915,10.466,53001508.0
Italy,1970,131.913,9.408,53324036.0
Italy,1971,128.047,8.674,53636100.0
Italy,1972,133.503,8.623,53995428.0
Italy,1973,122.349,7.572,54379588.0
Italy,1974,124.424,7.703,54750684.0
Italy,1975,133.142,8.42,55093992.0
Italy,1976,127.117,7.617,55388904.0
Italy,1977,162.237,9.69,55649672.0
Italy,1978,145.797,8.499,55877016.0
Italy,1979,147.188,8.32,56070680.0
Italy,1980,145.479,8.439,56329480.0
Italy,1981,137.38,8.14,56532908.0
Italy,1982,132.869,8.033,56585840.0
Italy,1983,132.421,8.177,56607516.0
Italy,1984,135.455,8.237,56620236.0
Italy,1985,129.611,7.919,56636468.0
Italy,1986,130.198,7.745,56639056.0
Italy,1987,126.109,7.285,56644528.0
Italy,1988,129.844,7.32,56670880.0
Italy,1989,110.235,6.04,56711524.0
Italy,1990,102.835,5.544,56756560.0
Italy,1991,134.304,7.02,56794488.0
Italy,1992,134.942,7.082,56833184.0
Italy,1993,133.313,7.148,56869456.0
Italy,1994,142.271,7.646,56883820.0
Italy,1995,122.231,6.312,56885124.0
Italy,1996,136.316,7.042,56898972.0
Italy,1997,136.297,6.921,56925808.0
Italy,1998,137.116,6.806,56938736.0
Italy,1999,151.477,7.313,56945064.0
Italy,2000,150.217,7.156,56966400.0
Italy,2001,159.591,7.609,56994992.0
Italy,2002,141.217,6.778,57107576.0
Italy,2003,136.277,6.339,57425176.0
Italy,2004,158.669,7.22,57860664.0
Italy,2005,141.554,6.434,58199876.0
Italy,2006,147.391,6.73,58429904.0
Italy,2007,138.178,6.432,58778480.0
Italy,2008,173.077,8.195,59224228.0
Italy,2009,208.715,10.586,59562844.0
Italy,2010,232.815,11.431,59822452.0
Italy,2011,248.601,12.443,60025952.0
Italy,2012,275.365,14.166,60190152.0
Italy,2013,327.312,17.611,60312600.0
Italy,2014,347.878,19.74,60322792.0
Italy,2015,317.772,17.51,60232908.0
Italy,2016,313.951,17.232,60118628.0
Italy,2017,301.734,16.371,60004024.0
Italy,2018,328.604,17.727,59877432.0
Italy,2019,325.063,17.865,59727936.0
Italy,2020,330.966,20.035,59500576.0
Italy,2021,328.594,18.579,59240336.0
Italy,2022,283.974,16.527,59037472.0
Italy,2023,318.367,19.278,58870764.0
Latvia,1985,8.808,8.287,2655099.0
Latvia,1986,8.873,8.984,2668865.0
Latvia,1987,10.938,12.137,2681830.0
Latvia,1988,8.873,10.432,2690475.0
Latvia,1989,10.664,12.54,2693388.0
Latvia,1990,13.295,15.376,2689398.0
Latvia,1991,9.684,12.154,2678970.0
Latvia,1992,7.455,13.07,2662885.0
Latvia,1993,8.504,17.301,2638889.0
Latvia,1994,9.773,20.521,2606464.0
Latvia,1995,8.685,19.486,2570150.0
Latvia,1996,5.503,13.271,2534288.0
Latvia,1997,8.738,20.918,2498881.0
Latvia,1998,12.768,28.086,2462333.0
Latvia,1999,8.158,21.139,2426357.0
Latvia,2000,8.351,22.118,2392536.0
Latvia,2001,8.341,20.512,2359255.0
Latvia,2002,7.256,17.688,2326150.0
Latvia,2003,6.787,16.751,2294342.0
Latvia,2004,9.222,20.242,2263453.0
Latvia,2005,9.823,20.919,2233165.0
Latvia,2006,7.98,17.916,2203917.0
Latvia,2007,8.032,17.49,2176059.0
Latvia,2008,9.064,19.6,2150411.0
Latvia,2009,9.992,22.802,2126268.0
Latvia,2010,10.429,20.997,2101537.0
Latvia,2011,8.828,19.912,2076974.0
Latvia,2012,11.61,25.26,2053635.0
Latvia,2013,10.113,22.861,2031491.0
Latvia,2014,8.092,19.858,2011040.0
Latvia,2015,8.166,19.562,1991951.0
Latvia,2016,9.895,22.236,1973477.0
Latvia,2017,15.155,30.942,1954861.0
Latvia,2018,10.213,23.443,1935632.0
Latvia,2019,9.346,20.845,1916552.0
Latvia,2020,10.634,26.026,1897057.0
Latvia,2021,10.786,25.305,1873926.0
Latvia,2022,10.545,27.409,1850654.0
Latvia,2023,12.841,31.916,1830214.0
Lithuania,1985,1.163,0.644,3672853.0
Lithuania,1986,1.137,0.682,3702823.0
Lithuania,1987,1.072,0.613,3732010.0
Lithuania,1988,1.137,0.62,3755543.0
Lithuania,1989,1.137,0.573,3773181.0
Lithuania,1990,1.224,0.624,3785851.0
Lithuania,1991,0.999,0.484,3793430.0
Lithuania,1992,0.92,0.7,3795748.0
Lithuania,1993,1.162,1.124,3788532.0
Lithuania,1994,1.337,1.5,3770461.0
Lithuania,1995,1.103,1.11,3747269.0
Lithuania,1996,0.964,0.89,3722023.0
Lithuania,1997,0.872,0.869,3694897.0
Lithuania,1998,1.233,1.143,3665514.0
Lithuania,1999,1.224,1.388,3633949.0
Lithuania,2000,1.003,1.278,3599639.0
Lithuania,2001,0.963,1.065,3560145.0
Lithuania,2002,1.044,1.065,3515799.0
Lithuania,2003,0.965,0.944,3469683.0
Lithuania,2004,1.245,1.204,3422593.0
Lithuania,2005,1.356,1.438,3373536.0
Lithuania,2006,1.473,1.642,3322937.0
Lithuania,2007,2.279,2.3,3272416.0
Lithuania,2008,2.431,2.485,3224384.0
Lithuania,2009,2.549,2.832,3180482.0
Lithuania,2010,3.11,4.698,3139021.0
Lithuania,2011,3.658,5.326,3099800.0
Lithuania,2012,4.044,5.893,3063340.0
Lithuania,2013,4.995,7.877,3028191.0
Lithuania,2014,5.019,8.201,2994928.0
Lithuania,2015,5.536,8.635,2963764.0
Lithuania,2016,6.497,9.884,2933676.0
Lithuania,2017,7.854,11.358,2904452.0
Lithuania,2018,7.036,9.915,2876128.0
Lithuania,2019,7.678,10.876,2849083.0
Lithuania,2020,8.294,11.799,2820269.0
Lithuania,2021,8.728,12.442,2786652.0
Lithuania,2022,9.697,14.904,2750058.0
Lithuania,2023,11.583,17.465,2718352.0
Luxembourg,1965,0.256,0.611,329793.0
Luxembourg,1966,0.23,0.574,333135.0
Luxembourg,1967,0.259,0.658,335567.0
Luxembourg,1968,0.265,0.621,337057.0
Luxembourg,1969,0.231,0.502,338287.0
Luxembourg,1970,0.255,0.535,339354.0
Luxembourg,1971,0.144,0.314,341980.0
Luxembourg,1972,0.17,0.359,346083.0
Luxembourg,1973,0.15,0.299,349199.0
Luxembourg,1974,0.222,0.435,351397.0
Luxembourg,1975,0.191,0.453,353675.0
Luxembourg,1976,0.121,0.285,355900.0
Luxembourg,1977,0.274,0.693,358272.0
Luxembourg,1978,0.269,0.654,361075.0
Luxembourg,1979,0.293,0.692,362940.0
Luxembourg,1980,0.303,0.777,363745.0
Luxembourg,1981,0.33,0.991,364484.0
Luxembourg,1982,0.3,0.959,365027.0
Luxembourg,1983,0.293,1.004,365448.0
Luxembourg,1984,0.315,1.001,365787.0
Luxembourg,1985,0.263,0.815,366471.0
Luxembourg,1986,0.309,0.978,368179.0
Luxembourg,1987,0.366,1.227,370536.0
Luxembourg,1988,0.345,1.13,373436.0
Luxembourg,1989,0.268,0.763,376960.0
Luxembourg,1990,0.247,0.665,381275.0
Luxembourg,1991,0.293,0.734,386405.0
Luxembourg,1992,0.245,0.611,391524.0
Luxembourg,1993,0.245,0.604,396705.0
Luxembourg,1994,0.302,0.775,402049.0
Luxembourg,1995,0.322,0.95,407639.0
Luxembourg,1996,0.227,0.65,413202.0
Luxembourg,1997,0.308,0.903,418413.0
Luxembourg,1998,0.427,1.295,423579.0
Luxembourg,1999,0.365,1.046,429352.0
Luxembourg,2000,0.51,1.37,435634.0
Luxembourg,2001,0.499,1.252,441254.0
Luxembourg,2002,0.449,1.03,445920.0
Luxembourg,2003,0.419,0.917,451351.0
Luxembourg,2004,0.576,1.112,457798.0
Luxembourg,2005,0.614,1.168,464868.0
Luxembourg,2006,0.718,1.391,472402.0
Luxembourg,2007,1.282,2.558,479877.0
Luxembourg,2008,1.326,2.665,488643.0
Luxembourg,2009,1.252,2.63,497876.0
Luxembourg,2010,1.253,2.5,507075.0
Luxembourg,2011,1.247,2.554,518207.0
Luxembourg,2012,1.432,2.986,530596.0
Luxembourg,2013,1.673,3.662,543068.0
Luxembourg,2014,1.93,4.359,556075.0
Luxembourg,2015,2.165,5.03,569415.0
Luxembourg,2016,2.307,5.434,583355.0
Luxembourg,2017,2.97,6.696,596290.0
Luxembourg,2018,3.316,7.141,607920.0
Luxembourg,2019,3.744,7.917,619981.0
Luxembourg,2020,4.406,10.869,630401.0
Luxembourg,2021,4.397,10.175,639330.0
Luxembourg,2022,4.33,11.17,647601.0
Luxembourg,2023,4.412,11.75,654771.0
Netherlands,1965,0.0,0.0,12275797.0
Netherlands,1966,0.0,0.0,12426790.0
Netherlands,1967,0.0,0.0,12576971.0
Netherlands,1968,0.0,0.0,12727200.0
Netherlands,1969,0.0,0.0,12881251.0
Netherlands,1970,0.0,0.0,13037686.0
Netherlands,1971,0.0,0.0,13186716.0
Netherlands,1972,0.0,0.0,13324182.0
Netherlands,1973,0.0,0.0,13447575.0
Netherlands,1974,0.0,0.0,13560532.0
Netherlands,1975,2.563,0.312,13663970.0
Netherlands,1976,2.784,0.31,13760114.0
Netherlands,1977,2.768,0.314,13855560.0
Netherlands,1978,3.866,0.43,13949415.0
Netherlands,1979,3.531,0.38,14040286.0
Netherlands,1980,3.269,0.375,14130383.0
Netherlands,1981,3.464,0.419,14217323.0
Netherlands,1982,0.846,0.111,14296533.0
Netherlands,1983,0.737,0.096,14369651.0
Netherlands,1984,0.054,0.007,14441930.0
Netherlands,1985,1.417,0.172,14515705.0
Netherlands,1986,1.777,0.206,14592526.0
Netherlands,1987,2.25,0.255,14675302.0
Netherlands,1988,2.719,0.307,14762321.0
Netherlands,1989,3.05,0.343,14850230.0
Netherlands,1990,2.556,0.281,14944550.0
Netherlands,1991,2.962,0.319,15046578.0
Netherlands,1992,3.193,0.34,15150688.0
Netherlands,1993,3.544,0.374,15251088.0
Netherlands,1994,3.997,0.427,15349481.0
Netherlands,1995,4.447,0.456,15446670.0
Netherlands,1996,5.736,0.564,15538617.0
Netherlands,1997,6.353,0.636,15629912.0
Netherlands,1998,7.311,0.727,15722601.0
Netherlands,1999,7.898,0.795,15812491.0
Netherlands,2000,9.322,0.926,15899138.0
Netherlands,2001,10.334,0.988,15981630.0
Netherlands,2002,12.41,1.186,16057042.0
Netherlands,2003,12.253,1.164,16127574.0
Netherlands,2004,16.365,1.503,16196036.0
Netherlands,2005,23.113,2.078,16261834.0
Netherlands,2006,25.225,2.315,16325679.0
Netherlands,2007,26.774,2.417,16391232.0
Netherlands,2008,31.882,2.913,16460775.0
Netherlands,2009,37.023,3.43,16536200.0
Netherlands,2010,36.716,3.136,16617121.0
Netherlands,2011,40.84,3.662,16701470.0
Netherlands,2012,41.52,3.789,16785296.0
Netherlands,2013,39.766,3.741,16867352.0
Netherlands,2014,38.487,3.787,16954080.0
Netherlands,2015,43.043,4.195,17041110.0
Netherlands,2016,45.074,4.317,17124512.0
Netherlands,2017,52.701,5.009,17207204.0
Netherlands,2018,58.911,5.738,17286042.0
Netherlands,2019,71.428,6.987,17363260.0
Netherlands,2020,100.216,10.121,17434562.0
Netherlands,2021,121.185,11.944,17501696.0
Netherlands,2022,143.567,15.03,17564020.0
Netherlands,2023,169.795,17.788,17618296.0
North Macedonia,1997,2.661,8.867,2004240.0
North Macedonia,1998,3.202,9.44,2012844.0
North Macedonia,1999,4.107,12.636,2023781.0
North Macedonia,2000,3.46,11.215,2037940.0
North Macedonia,2001,1.839,6.336,2053391.0
North Macedonia,2002,2.21,7.791,2064739.0
North Macedonia,2003,3.985,12.462,2071150.0
North Macedonia,2004,4.271,13.524,2075879.0
North Macedonia,2005,4.272,13.111,2078667.0
North Macedonia,2006,4.695,14.148,2081081.0
North Macedonia,2007,2.856,8.686,2083494.0
North Macedonia,2008,2.375,7.47,2086228.0
North Macedonia,2009,3.569,11.46,2089793.0
North Macedonia,2010,6.753,19.92,2093828.0
North Macedonia,2011,3.96,11.718,2097110.0
North Macedonia,2012,2.865,9.137,2099486.0
North Macedonia,2013,4.352,14.449,2102220.0
North Macedonia,2014,3.503,12.527,2105293.0
North Macedonia,2015,5.477,18.582,2107965.0
North Macedonia,2016,5.553,18.151,2110194.0
North Macedonia,2017,3.478,11.817,2111982.0
North Macedonia,2018,5.231,17.192,2113497.0
North Macedonia,2019,3.574,11.508,2114175.0
North Macedonia,2020,3.908,14.105,2111078.0
North Macedonia,2021,4.375,15.088,2103329.0
North Macedonia,2022,4.146,13.534,2093606.0
North Macedonia,2023,5.635,16.805,2085682.0
Norway,1977,212.968,64.269,4043365.0
Norway,1978,238.647,64.178,4058804.0
Norway,1979,262.279,65.865,4072652.0
Norway,1980,247.243,65.252,4085778.0
Norway,1981,274.509,68.598,4099860.0
Norway,1982,273.519,69.162,4114936.0
Norway,1983,312.518,71.882,4128576.0
Norway,1984,313.154,71.136,4140232.0
Norway,1985,302.761,69.529,4152640.0
Norway,1986,284.548,66.977,4167465.0
Norway,1987,305.444,68.431,4187034.0
Norway,1988,321.975,69.98,4209655.0
Norway,1989,350.2,71.442,4227072.0
Norway,1990,358.904,72.811,4241637.0
Norway,1991,326.332,71.469,4261886.0
Norway,1992,345.72,72.294,4286560.0
Norway,1993,353.367,72.03,4312138.0
Norway,1994,331.016,69.632,4336745.0
Norway,1995,360.315,70.737,4359327.0
Norway,1996,308.113,65.946,4381511.0
Norway,1997,325.405,66.409,4405334.0
Norway,1998,343.027,67.287,4431672.0
Norway,1999,360.078,68.507,4462148.0
Norway,2000,420.279,72.067,4491204.0
Norway,2001,354.804,68.342,4514019.0
Norway,2002,378.648,69.676,4538435.0
Norway,2003,307.609,64.094,4565167.0
Norway,2004,315.359,64.822,4592284.0
Norway,2005,391.04,70.055,4623691.0
Norway,2006,342.742,67.061,4661081.0
Norway,2007,382.022,68.992,4709582.0
Norway,2008,395.487,70.404,4768654.0
Norway,2009,354.441,68.662,4829195.0
Norway,2010,328.951,65.904,4889747.0
Norway,2011,337.798,66.968,4953565.0
Norway,2012,395.455,70.381,5019058.0
Norway,2013,357.146,68.148,5080667.0
Norway,2014,375.33,69.136,5137926.0
Norway,2015,379.019,68.888,5190357.0
Norway,2016,392.409,70.258,5236591.0
Norway,2017,393.21,70.081,5277396.0
Norway,2018,383.041,69.324,5312321.0
Norway,2019,351.353,67.99,5348285.0
Norway,2020,401.718,72.077,5379836.0
Norway,2021,411.175,72.329,5403021.0
Norway,2022,376.841,70.74,5434324.0
Norway,2023,398.724,72.091,5474363.0
Poland,1965,2.732,0.352,31224086.0
Poland,1966,2.771,0.35,31504832.0
Poland,1967,2.97,0.365,31765962.0
Poland,1968,3.122,0.356,32016872.0
Poland,1969,2.663,0.285,32262060.0
Poland,1970,5.425,0.549,32482946.0
Poland,1971,4.962,0.487,32710744.0
Poland,1972,5.035,0.468,32979398.0
Poland,1973,5.017,0.458,33270012.0
Poland,1974,7.025,0.621,33578680.0
Poland,1975,6.558,0.537,33899768.0
Poland,1976,5.448,0.424,34229712.0
Poland,1977,6.633,0.495,34561580.0
Poland,1978,6.605,0.469,34870696.0
Poland,1979,6.109,0.428,35188364.0
Poland,1980,7.738,0.517,35521432.0
Poland,1981,7.178,0.532,35851104.0
Poland,1982,5.421,0.395,36188644.0
Poland,1983,6.109,0.443,36536140.0
Poland,1984,5.265,0.367,36876560.0
Poland,1985,6.744,0.46,37179164.0
Poland,1986,5.755,0.382,37436804.0
Poland,1987,5.528,0.355,37654412.0
Poland,1988,5.602,0.367,37812084.0
Poland,1989,5.087,0.346,37939020.0
Poland,1990,4.366,0.361,38064252.0
Poland,1991,4.479,0.378,38167388.0
Poland,1992,4.811,0.425,38252284.0
Poland,1993,4.595,0.406,38319300.0
Poland,1994,5.287,0.488,38375464.0
Poland,1995,5.797,0.523,38401980.0
Poland,1996,6.135,0.527,38401408.0
Poland,1997,6.344,0.55,38396120.0
Poland,1998,7.542,0.683,38379992.0
Poland,1999,7.0,0.647,38354952.0
Poland,2000,6.948,0.683,38504432.0
Poland,2001,8.289,0.82,38662860.0
Poland,2002,8.193,0.82,38647476.0
Poland,2003,6.986,0.675,38621536.0
Poland,2004,9.28,0.891,38596040.0
Poland,2005,12.06,1.136,38575912.0
Poland,2006,13.88,1.25,38547180.0
Poland,2007,17.375,1.573,38521868.0
Poland,2008,24.958,2.22,38522884.0
Poland,2009,32.626,3.007,38555288.0
Poland,2010,40.276,3.48,38597356.0
Poland,2011,47.417,4.078,38620848.0
Poland,2012,59.565,5.281,38625872.0
Poland,2013,59.045,5.219,38607352.0
Poland,2014,66.673,6.12,38581880.0
Poland,2015,72.985,6.617,38553148.0
Poland,2016,70.412,6.122,38532108.0
Poland,2017,74.659,6.179,38532816.0
Poland,2018,71.358,5.839,38521464.0
Poland,2019,82.817,6.975,38493600.0
Poland,2020,90.705,7.962,38428368.0
Poland,2021,96.761,7.9,38307724.0
Poland,2022,115.763,9.754,39857144.0
Poland,2023,138.97,12.154,41026068.0
Portugal,1996,46.914,18.59,10087653.0
Portugal,1997,42.319,16.506,10130547.0
Portugal,1998,42.082,15.057,10179419.0
Portugal,1999,25.835,9.063,10233373.0
Portugal,2000,38.347,13.042,10300632.0
Portugal,2001,46.575,15.589,10371815.0
Portugal,2002,28.8,9.7,10430913.0
Portugal,2003,51.745,16.956,10473345.0
Portugal,2004,35.969,12.04,10501523.0
Portugal,2005,24.1,8.08,10523314.0
Portugal,2006,45.906,15.515,10543946.0
Portugal,2007,47.958,16.121,10565547.0
Portugal,2008,43.433,15.213,10580963.0
Portugal,2009,54.517,18.914,10591341.0
Portugal,2010,83.573,27.482,10588401.0
Portugal,2011,71.337,24.613,10564820.0
Portugal,2012,57.663,21.804,10522085.0
Portugal,2013,84.926,29.319,10464537.0
Portugal,2014,90.175,30.906,10408379.0
Portugal,2015,71.242,24.607,10365436.0
Portugal,2016,91.095,29.398,10332751.0
Portugal,2017,64.728,21.442,10307528.0
Portugal,2018,82.676,26.869,10289833.0
Portugal,2019,77.269,26.367,10289921.0
Portugal,2020,84.189,31.74,10298186.0
Portugal,2021,88.759,33.307,10290109.0
Portugal,2022,77.665,29.567,10270857.0
Portugal,2023,94.959,36.043,10247607.0
Romania,1965,2.972,1.066,19117072.0
Romania,1966,3.06,1.03,19221488.0
Romania,1967,4.365,1.316,19348540.0
Romania,1968,4.619,1.309,19515304.0
Romania,1969,6.556,1.615,19711720.0
Romania,1970,8.2,1.898,19922620.0
Romania,1971,13.292,2.899,20145242.0
Romania,1972,21.713,4.493,20382178.0
Romania,1973,22.316,4.244,20628254.0
Romania,1974,25.063,4.733,20889666.0
Romania,1975,27.68,4.793,21167270.0
Romania,1976,23.972,3.852,21449642.0
Romania,1977,27.633,4.187,21678700.0
Romania,1978,31.385,4.416,21844028.0
Romania,1979,33.529,4.626,21993496.0
Romania,1980,37.367,5.106,22125226.0
Romania,1981,37.663,5.134,22237474.0
Romania,1982,35.052,4.82,22331062.0
Romania,1983,29.682,4.11,22403760.0
Romania,1984,33.491,4.671,22465040.0
Romania,1985,37.592,5.258,22525364.0
Romania,1986,31.965,4.378,22587322.0
Romania,1987,33.145,4.378,22653810.0
Romania,1988,43.692,5.666,22719092.0
Romania,1989,40.446,5.236,22788042.0
Romania,1990,33.748,4.59,22836234.0
Romania,1991,43.137,6.908,22842488.0
Romania,1992,34.603,6.284,22800964.0
Romania,1993,37.758,7.055,22721662.0
Romania,1994,38.577,7.641,22632776.0
Romania,1995,49.361,8.897,22533138.0
Romania,1996,46.587,8.449,22417872.0
Romania,1997,51.809,9.9,22289540.0
Romania,1998,55.86,11.666,22161240.0
Romania,1999,54.083,12.841,22039006.0
Romania,2000,43.698,10.396,21919882.0
Romania,2001,43.841,10.313,21797588.0
Romania,2002,46.845,10.615,21653530.0
Romania,2003,38.462,8.717,21481322.0
Romania,2004,47.597,10.401,21289292.0
Romania,2005,57.88,12.57,21092264.0
Romania,2006,52.246,11.173,20909406.0
Romania,2007,45.739,10.142,20744226.0
Romania,2008,48.985,10.89,20597516.0
Romania,2009,43.914,11.199,20466318.0
Romania,2010,57.721,14.56,20335212.0
Romania,2011,47.255,11.572,20220286.0
Romania,2012,43.043,10.943,20137112.0
Romania,2013,56.365,15.251,20066550.0
Romania,2014,69.642,18.37,19995836.0
Romania,2015,72.658,19.064,19906078.0
Romania,2016,75.338,19.769,19797820.0
Romania,2017,68.088,17.551,19698852.0
Romania,2018,72.951,18.608,19606778.0
Romania,2019,69.52,18.113,19524212.0
Romania,2020,69.96,18.934,19442040.0
Romania,2021,73.966,18.965,19328558.0
Romania,2022,66.83,18.557,19659270.0
Romania,2023,77.463,21.854,19892810.0
Russia,1985,472.308,4.943,142896384.0
Russia,1986,485.925,4.997,144046480.0
Russia,1987,480.593,4.786,145312016.0
Russia,1988,475.849,4.657,146464384.0
Russia,1989,472.308,4.605,147341504.0
Russia,1990,493.558,4.898,148005696.0
Russia,1991,497.249,5.003,148455408.0
Russia,1992,510.549,5.337,148725600.0
Russia,1993,515.552,5.78,148897280.0
Russia,1994,520.395,6.394,148829120.0
Russia,1995,521.362,6.769,148557456.0
Russia,1996,456.462,6.157,148233408.0
Russia,1997,465.702,6.642,147939968.0
Russia,1998,468.848,6.7,147672720.0
Russia,1999,474.748,6.699,147336384.0
Russia,2000,485.409,6.729,146844848.0
Russia,2001,511.218,6.976,146235520.0
Russia,2002,473.869,6.493,145590144.0
Russia,2003,452.522,6.075,144946720.0
Russia,2004,507.522,6.754,144353648.0
Russia,2005,495.534,6.604,143800048.0
Russia,2006,494.482,6.31,143338672.0
Russia,2007,501.956,6.371,143117680.0
Russia,2008,464.386,5.867,143086544.0
Russia,2009,487.848,6.485,143163648.0
Russia,2010,463.549,5.932,143242592.0
Russia,2011,451.325,5.585,143364544.0
Russia,2012,449.555,5.531,143629360.0
Russia,2013,495.035,6.163,143956864.0
Russia,2014,471.897,5.856,144285072.0
Russia,2015,454.966,5.737,144668384.0
Russia,2016,497.423,6.152,145109152.0
Russia,2017,496.737,6.106,145452544.0
Russia,2018,509.115,6.038,145652288.0
Russia,2019,518.796,6.198,145742288.0
Russia,2020,570.006,7.055,145617328.0
Russia,2021,579.295,6.95,145102752.0
Russia,2022,538.765,6.241,144713312.0
Russia,2023,548.237,6.307,144444368.0
Slovakia,1965,6.573,6.153,4363517.0
Slovakia,1966,6.299,5.696,4400355.0
Slovakia,1967,5.397,4.855,4433964.0
Slovakia,1968,4.953,4.037,4463936.0
Slovakia,1969,3.855,3.009,4492217.0
Slovakia,1970,5.815,4.103,4522872.0
Slovakia,1971,4.365,2.873,4557506.0
Slovakia,1972,4.572,2.861,4597162.0
Slovakia,1973,3.909,2.352,4641292.0
Slovakia,1974,6.573,3.758,4688474.0
Slovakia,1975,5.92,3.233,4737067.0
Slovakia,1976,5.97,3.143,4786345.0
Slovakia,1977,7.12,3.567,4835452.0
Slovakia,1978,6.68,3.189,4883372.0
Slovakia,1979,5.571,2.585,4930974.0
Slovakia,1980,6.674,3.047,4973886.0
Slovakia,1981,5.813,2.675,5011719.0
Slovakia,1982,5.104,2.374,5048149.0
Slovakia,1983,5.417,2.512,5082435.0
Slovakia,1984,4.598,1.979,5115048.0
Slovakia,1985,6.26,2.612,5146573.0
Slovakia,1986,4.953,2.085,5175412.0
Slovakia,1987,5.713,2.351,5201175.0
Slovakia,1988,5.19,2.125,5224911.0
Slovakia,1989,5.802,2.342,5245120.0
Slovakia,1990,5.559,2.238,5261310.0
Slovakia,1991,4.163,1.874,5280230.0
Slovakia,1992,5.728,2.68,5301897.0
Slovakia,1993,10.252,4.882,5321863.0
Slovakia,1994,12.878,6.226,5338814.0
Slovakia,1995,14.43,6.88,5349999.0
Slovakia,1996,12.499,5.918,5358288.0
Slovakia,1997,12.017,5.796,5365829.0
Slovakia,1998,12.617,6.022,5371086.0
Slovakia,1999,13.23,6.261,5374617.0
Slovakia,2000,13.647,6.253,5376700.0
Slovakia,2001,15.305,6.816,5376457.0
Slovakia,2002,15.892,7.019,5375206.0
Slovakia,2003,10.435,4.746,5374381.0
Slovakia,2004,11.906,5.537,5374932.0
Slovakia,2005,13.513,5.972,5376251.0
Slovakia,2006,14.273,6.482,5377239.0
Slovakia,2007,14.812,7.169,5378381.0
Slovakia,2008,13.86,6.531,5381641.0
Slovakia,2009,14.908,7.752,5388934.0
Slovakia,2010,17.883,8.702,5396428.0
Slovakia,2011,15.481,7.831,5402686.0
Slovakia,2012,16.526,8.703,5409283.0
Slovakia,2013,18.925,9.726,5414744.0
Slovakia,2014,19.14,10.568,5419572.0
Slovakia,2015,18.83,10.29,5424449.0
Slovakia,2016,20.277,10.976,5431205.0
Slovakia,2017,19.982,10.269,5439418.0
Slovakia,2018,17.938,9.377,5446746.0
Slovakia,2019,20.225,10.942,5453932.0
Slovakia,2020,20.733,11.447,5456681.0
Slovakia,2021,20.654,10.58,5447621.0
Slovakia,2022,18.009,10.011,5643455.0
Slovakia,2023,21.948,11.76,5795206.0
Slovenia,1990,8.794,12.718,1986030.0
Slovenia,1991,10.669,15.401,1989799.0
Slovenia,1992,10.122,15.633,1991344.0
Slovenia,1993,8.974,13.475,1991685.0
Slovenia,1994,10.051,14.182,1991454.0
Slovenia,1995,9.616,12.934,1991115.0
Slovenia,1996,10.846,13.902,1990671.0
Slovenia,1997,9.14,11.458,1989831.0
Slovenia,1998,10.202,12.755,1988287.0
Slovenia,1999,11.155,14.103,1986263.0
Slovenia,2000,11.561,14.733,1984339.0
Slovenia,2001,11.382,13.841,1982489.0
Slovenia,2002,9.996,12.22,1983769.0
Slovenia,2003,8.965,11.173,1989413.0
Slovenia,2004,12.187,14.313,1996731.0
Slovenia,2005,10.261,12.029,2004780.0
Slovenia,2006,10.585,12.333,2013577.0
Slovenia,2007,9.729,11.395,2023230.0
Slovenia,2008,12.509,13.357,2034037.0
Slovenia,2009,14.146,16.371,2045578.0
Slovenia,2010,13.802,15.944,2057294.0
Slovenia,2011,11.228,13.36,2065457.0
Slovenia,2012,12.584,15.41,2069365.0
Slovenia,2013,14.73,18.235,2072374.0
Slovenia,2014,18.526,22.358,2074923.0
Slovenia,2015,12.195,16.322,2080865.0
Slovenia,2016,13.898,17.403,2090020.0
Slovenia,2017,12.285,15.22,2098396.0
Slovenia,2018,14.849,18.022,2105931.0
Slovenia,2019,14.539,18.174,2112905.0
Slovenia,2020,15.908,20.581,2117648.0
Slovenia,2021,15.618,20.394,2119408.0
Slovenia,2022,11.689,16.556,2119843.0
Slovenia,2023,17.781,24.549,2119681.0
Spain,1969,90.493,18.46,33480508.0
Spain,1970,82.272,15.559,33792624.0
Spain,1971,94.246,16.188,34133624.0
Spain,1972,105.076,16.69,34515176.0
Spain,1973,85.671,12.43,34898152.0
Spain,1974,90.552,12.623,35329900.0
Spain,1975,77.435,10.509,35760432.0
Spain,1976,62.493,7.937,36139072.0
Spain,1977,118.166,14.477,36513080.0
Spain,1978,120.031,14.644,36865440.0
Spain,1979,137.997,15.633,37188964.0
Spain,1980,88.535,9.981,37491664.0
Spain,1981,66.236,7.407,37758648.0
Spain,1982,79.415,8.885,37982144.0
Spain,1983,81.765,8.936,38169764.0
Spain,1984,94.854,10.204,38329928.0
Spain,1985,94.466,10.243,38471924.0
Spain,1986,80.06,8.502,38590808.0
Spain,1987,82.768,8.477,38694532.0
Spain,1988,106.37,10.431,38781724.0
Spain,1989,59.114,5.533,38847320.0
Spain,1990,76.938,7.199,38889888.0
Spain,1991,82.468,7.453,38997064.0
Spain,1992,58.11,5.013,39202248.0
Spain,1993,74.3,6.625,39420540.0
Spain,1994,85.915,7.314,39623732.0
Spain,1995,72.412,5.938,39814568.0
Spain,1996,122.263,9.653,39996476.0
Spain,1997,109.741,8.329,40180048.0
Spain,1998,109.482,7.948,40362356.0
Spain,1999,81.273,5.637,40542232.0
Spain,2000,106.235,6.965,40741652.0
Spain,2001,145.662,9.178,40966448.0
Spain,2002,102.51,6.349,41477652.0
Spain,2003,164.364,9.698,42230268.0
Spain,2004,147.313,8.445,42959672.0
Spain,2005,120.397,6.801,43685372.0
Spain,2006,149.151,8.365,44422824.0
Spain,2007,170.551,9.328,45245784.0
Spain,2008,185.94,10.478,45966544.0
Spain,2009,223.446,13.525,46367772.0
Spain,2010,291.966,17.252,46572776.0
Spain,2011,266.044,16.014,46729232.0
Spain,2012,273.339,16.591,46756084.0
Spain,2013,318.475,20.175,46603460.0
Spain,2014,315.805,20.319,46464548.0
Spain,2015,279.12,17.743,46431344.0
Spain,2016,299.822,18.941,46473320.0
Spain,2017,256.454,16.008,46584168.0
Spain,2018,304.451,18.693,46792044.0
Spain,2019,282.125,17.812,47131372.0
Spain,2020,324.917,22.834,47363808.0
Spain,2021,355.12,23.206,47486932.0
Spain,2022,345.996,21.747,47558632.0
Spain,2023,391.938,24.919,47519628.0
Sweden,1985,215.681,31.185,8389918.0
Sweden,1986,186.517,26.017,8411798.0
Sweden,1987,218.743,31.166,8438000.0
Sweden,1988,213.173,31.078,8468135.0
Sweden,1989,219.166,32.671,8504982.0
Sweden,1990,220.629,34.248,8548407.0
Sweden,1991,193.003,30.056,8594170.0
Sweden,1992,226.402,34.671,8640277.0
Sweden,1993,227.817,35.203,8683403.0
Sweden,1994,182.089,28.023,8723467.0
Sweden,1995,209.187,31.379,8758496.0
Sweden,1996,160.184,24.635,8785493.0
Sweden,1997,213.653,31.728,8807868.0
Sweden,1998,230.802,32.714,8828629.0
Sweden,1999,221.66,32.123,8848881.0
Sweden,2000,246.808,37.867,8871042.0
Sweden,2001,245.916,35.345,8896748.0
Sweden,2002,209.169,32.206,8926011.0
Sweden,2003,172.415,28.3,8961506.0
Sweden,2004,201.503,30.32,9004263.0
Sweden,2005,235.586,35.005,9051739.0
Sweden,2006,207.093,32.864,9104724.0
Sweden,2007,225.683,35.202,9164274.0
Sweden,2008,237.119,37.133,9229282.0
Sweden,2009,230.508,39.756,9301413.0
Sweden,2010,239.166,38.467,9381722.0
Sweden,2011,243.395,39.769,9467384.0
Sweden,2012,280.423,43.46,9555984.0
Sweden,2013,237.072,39.28,9648935.0
Sweden,2014,244.988,40.779,9747507.0
Sweden,2015,290.363,46.678,9849344.0
Sweden,2016,255.839,41.982,9953322.0
Sweden,2017,269.608,42.704,10058191.0
Sweden,2018,259.783,42.644,10162300.0
Sweden,2019,280.456,44.814,10267922.0
Sweden,2020,313.32,52.196,10368968.0
Sweden,2021,323.938,51.12,10467095.0
Sweden,2022,332.569,53.494,10549349.0
Sweden,2023,321.995,53.89,10612087.0
Switzerland,1968,87.277,39.674,6068208.0
Switzerland,1969,83.521,36.701,6136805.0
Switzerland,1970,86.263,34.635,6181231.0
Switzerland,1971,85.882,33.697,6213706.0
Switzerland,1972,71.66,28.543,6261160.0
Switzerland,1973,78.616,28.315,6307365.0
Switzerland,1974,82.353,31.027,6341220.0
Switzerland,1975,95.321,34.594,6338272.0
Switzerland,1976,76.436,29.048,6302079.0
Switzerland,1977,103.169,35.284,6280842.0
Switzerland,1978,93.637,32.514,6281527.0
Switzerland,1979,88.693,30.904,6294185.0
Switzerland,1980,99.457,32.373,6319116.0
Switzerland,1981,105.256,34.292,6353701.0
Switzerland,1982,107.612,35.782,6390953.0
Switzerland,1983,104.945,33.555,6418416.0
Switzerland,1984,89.574,29.56,6441452.0
Switzerland,1985,95.943,29.632,6469830.0
Switzerland,1986,98.763,29.059,6503525.0
Switzerland,1987,104.164,30.83,6544455.0
Switzerland,1988,107.483,31.572,6592667.0
Switzerland,1989,89.733,28.203,6646209.0
Switzerland,1990,89.513,26.992,6711685.0
Switzerland,1991,96.258,28.264,6795392.0
Switzerland,1992,98.261,28.395,6873188.0
Switzerland,1993,107.384,31.083,6936123.0
Switzerland,1994,117.308,32.318,6991543.0
Switzerland,1995,105.852,30.771,7038302.0
Switzerland,1996,86.991,26.179,7069694.0
Switzerland,1997,102.802,28.933,7086993.0
Switzerland,1998,101.218,28.327,7108225.0
Switzerland,1999,120.733,32.331,7142199.0
Switzerland,2000,111.628,30.639,7182052.0
Switzerland,2001,124.244,31.929,7224413.0
Switzerland,2002,105.621,29.157,7276479.0
Switzerland,2003,103.864,28.983,7330729.0
Switzerland,2004,100.457,28.127,7381153.0
Switzerland,2005,92.815,27.236,7428437.0
Switzerland,2006,91.923,26.257,7475014.0
Switzerland,2007,103.694,29.218,7541909.0
Switzerland,2008,105.484,29.096,7638288.0
Switzerland,2009,104.007,29.297,7734402.0
Switzerland,2010,104.635,29.107,7822444.0
Switzerland,2011,94.559,28.233,7910988.0
Switzerland,2012,111.923,31.611,7995738.0
Switzerland,2013,111.696,31.101,8088370.0
Switzerland,2014,111.193,32.282,8187792.0
Switzerland,2015,112.039,33.313,8281735.0
Switzerland,2016,102.998,32.569,8372902.0
Switzerland,2017,102.916,32.466,8451688.0
Switzerland,2018,104.715,32.575,8514431.0
Switzerland,2019,113.353,33.741,8575593.0
Switzerland,2020,113.951,36.926,8638609.0
Switzerland,2021,111.697,37.472,8691409.0
Switzerland,2022,95.769,33.011,8740471.0
Switzerland,2023,120.589,38.325,8796671.0
Ukraine,1985,31.677,1.139,50917392.0
Ukraine,1986,31.507,1.128,51076744.0
Ukraine,1987,28.371,0.995,51236432.0
Ukraine,1988,35.284,1.236,51372376.0
Ukraine,1989,29.952,1.096,51494548.0
Ukraine,1990,31.09,0.973,51589816.0
Ukraine,1991,34.626,1.156,51672816.0
Ukraine,1992,23.31,0.921,51785152.0
Ukraine,1993,32.642,1.472,51778420.0
Ukraine,1994,35.833,1.89,51487376.0
Ukraine,1995,29.431,1.591,51061268.0
Ukraine,1996,25.525,1.48,50616104.0
Ukraine,1997,29.144,1.753,50169352.0
Ukraine,1998,46.549,2.901,49745868.0
Ukraine,1999,42.365,2.68,49320116.0
Ukraine,2000,33.355,2.104,48879752.0
Ukraine,2001,35.394,2.265,48414536.0
Ukraine,2002,28.164,1.813,47976540.0
Ukraine,2003,26.881,1.689,47605644.0
Ukraine,2004,33.963,2.142,47261960.0
Ukraine,2005,35.509,2.212,46912616.0
Ukraine,2006,36.765,2.263,46592552.0
Ukraine,2007,29.705,1.836,46313064.0
Ukraine,2008,33.319,2.133,46062936.0
Ukraine,2009,33.898,2.548,45863884.0
Ukraine,2010,37.243,2.61,45683024.0
Ukraine,2011,30.948,2.099,45516136.0
Ukraine,2012,30.864,2.139,45406228.0
Ukraine,2013,41.732,3.047,45307104.0
Ukraine,2014,28.084,2.324,45148072.0
Ukraine,2015,19.593,1.953,44982568.0
Ukraine,2016,25.282,2.408,44833568.0
Ukraine,2017,29.541,3.029,44657260.0
Ukraine,2018,35.039,3.462,44446952.0
Ukraine,2019,32.501,3.394,44211100.0
Ukraine,2020,45.525,4.957,43909664.0
Ukraine,2021,57.671,6.17,43531424.0
Ukraine,2022,49.561,7.671,39701744.0
Ukraine,2023,54.192,8.788,36744636.0
United Kingdom,1965,13.638,0.589,54229568.0
United Kingdom,1966,13.413,0.576,54560504.0
United Kingdom,1967,14.445,0.62,54876360.0
United Kingdom,1968,11.006,0.456,55169252.0
United Kingdom,1969,9.628,0.385,55420524.0
United Kingdom,1970,13.413,0.526,55650160.0
United Kingdom,1971,9.974,0.398,55875904.0
United Kingdom,1972,9.974,0.393,56057324.0
United Kingdom,1973,11.349,0.426,56166632.0
United Kingdom,1974,12.038,0.475,56233776.0
United Kingdom,1975,11.349,0.475,56266852.0
United Kingdom,1976,13.413,0.55,56263232.0
United Kingdom,1977,11.692,0.471,56244844.0
United Kingdom,1978,12.038,0.482,56240768.0
United Kingdom,1979,12.724,0.487,56265152.0
United Kingdom,1980,11.692,0.491,56326328.0
United Kingdom,1981,13.067,0.564,56395848.0
United Kingdom,1982,13.413,0.587,56450132.0
United Kingdom,1983,13.413,0.585,56501616.0
United Kingdom,1984,13.416,0.585,56568252.0
United Kingdom,1985,11.696,0.489,56643040.0
United Kingdom,1986,14.103,0.574,56721912.0
United Kingdom,1987,12.38,0.505,56826320.0
United Kingdom,1988,14.447,0.581,56952648.0
United Kingdom,1989,14.126,0.568,57076096.0
United Kingdom,1990,17.06,0.68,57210444.0
United Kingdom,1991,15.635,0.61,57359452.0
United Kingdom,1992,18.899,0.742,57509240.0
United Kingdom,1993,17.19,0.668,57647464.0
United Kingdom,1994,20.996,0.825,57785900.0
United Kingdom,1995,20.155,0.79,57930364.0
United Kingdom,1996,17.245,0.644,58078584.0
United Kingdom,1997,21.707,0.825,58250192.0
United Kingdom,1998,26.199,0.988,58438320.0
United Kingdom,1999,29.24,1.108,58635204.0
United Kingdom,2000,30.23,1.135,58850044.0
United Kingdom,2001,29.2,1.085,59092016.0
United Kingdom,2002,33.892,1.288,59355688.0
United Kingdom,2003,33.002,1.237,59649800.0
United Kingdom,2004,43.238,1.607,59995852.0
United Kingdom,2005,52.324,1.929,60383740.0
United Kingdom,2006,56.832,2.122,60803700.0
United Kingdom,2007,63.1,2.423,61260680.0
United Kingdom,2008,74.481,2.911,61742152.0
United Kingdom,2009,86.232,3.549,62243384.0
United Kingdom,2010,91.09,3.671,62760048.0
United Kingdom,2011,115.238,4.921,63286360.0
United Kingdom,2012,130.1,5.468,63808728.0
United Kingdom,2013,165.329,6.956,64302296.0
United Kingdom,2014,199.261,8.872,64773504.0
United Kingdom,2015,249.922,10.955,65224368.0
United Kingdom,2016,248.655,11.083,65655204.0
United Kingdom,2017,290.906,12.934,66064808.0
United Kingdom,2018,325.479,14.486,66432996.0
United Kingdom,2019,355.546,16.168,66778660.0
United Kingdom,2020,393.045,19.94,67059472.0
United Kingdom,2021,360.567,18.11,67281040.0
United Kingdom,2022,395.973,19.614,67508936.0
United Kingdom,2023,396.169,20.521,67736800.0
